Details,Posting Date,Description,Amount,Type,Balance,Check or Slip #
DEBIT,12/30/2025,"Payment to Chase card ending in 5678 12/30",-412.37,LOAN_PMT,2310.40,,
DEBIT,12/28/2025,"NETFLIX.COM NETFLIX.COM CA            12/28",-15.49,DEBIT_CARD,2722.77,,
CREDIT,12/27/2025,"Zelle payment from ALEX SAMPLE 12345678901",25.00,QUICKPAY_CREDIT,2738.26,,
DEBIT,12/26/2025,"DD *DOORDASH PIZZAPLACE 855-431-0459 CA 12/26",-25.00,DEBIT_CARD,2713.26,,
DEBIT,12/22/2025,"TRADER JOE S #123 ANYTOWN MA         12/21",-54.18,DEBIT_CARD,2738.26,,
CREDIT,12/19/2025,"EXAMPLE CORP PAYROLL PPD ID: 0000000000",1850.00,ACH_CREDIT,2792.44,,
DEBIT,12/15/2025,"VERIZON WIRELESS PAYMENTS PPD ID: 0000000000",-65.00,ACH_DEBIT,942.44,,
DEBIT,12/12/2025,"UBER *TRIP HELP.UBER.COM CA          12/11",-18.40,DEBIT_CARD,1007.44,,
DEBIT,12/12/2025,"UBER *TRIP HELP.UBER.COM CA          12/11",18.40,DEBIT_CARD,1025.84,,
DEBIT,12/12/2025,"UBER *TRIP HELP.UBER.COM CA          12/11",-18.40,DEBIT_CARD,1007.44,,
DEBIT,12/05/2025,"ACME APARTMENTS RENT WEB ID: 0000000000",-1400.00,MISC_DEBIT,1025.84,,
CREDIT,12/01/2025,"Online Transfer from SAV ...9999 transaction#: 11111111111",500.00,ACCT_XFER,2425.84,,
